{"accuracy": [0.5961874723434448, 0.8600611686706543, 0.9112170338630676, 0.9383739829063416, 0.9561988711357117, 0.9638950228691101, 0.9704530835151672, 0.9763709902763367, 0.9793015122413635, 0.9820897579193115], "loss": [1.3670580387115479, 0.4409714341163635, 0.2708534598350525, 0.18668773770332336, 0.1353103071451187, 0.10986442863941193, 0.09081900864839554, 0.07370471209287643, 0.06209290400147438, 0.05740836262702942], "val_accuracy": [0.8531755208969116, 0.898019552230835, 0.9320510029792786, 0.9368312954902649, 0.952595055103302, 0.9293193817138672, 0.9446847438812256, 0.9539608359336853, 0.9533348679542542, 0.9614728093147278], "val_loss": [0.46382880210876465, 0.3136036694049835, 0.20972979068756104, 0.19195586442947388, 0.14450256526470184, 0.22115416824817657, 0.1805914342403412, 0.15057425200939178, 0.17075644433498383, 0.1304798722267151]}